MedicalStoreID,Name,Location,PinCode,ContactName,ContactNo
51,Wellness Store,Hitech City,82424,Erik Martinez,(619)720-7137
52,MedPlus,Gachibowli,05812,Samantha Berry,679.519.1081
53,HealthPlus,Somajiguda,84869,Timothy Hughes,826.833.4949
54,Apollo Pharmacy,SR Nagar,30556,Makayla Mullins,+1-901-284-1154x4536
55,Wellness Store,SR Nagar,68061,Holly Williams,628-820-5375x8929
56,Apollo Pharmacy,LB Nagar,55480,Paige Lowe PhD,001-490-137-1305
57,PharmaCare,Dilsukhnagar,76130,Sharon Williams,105.472.0928x09643
58,Apollo Pharmacy,Tolichowki,74584,Danielle Cox,629.181.8465x85982
59,Apollo Pharmacy,Madhapur,66732,Ashley Hunter,9209595847
60,Apollo Pharmacy,Mehdipatnam,39635,Nathan Gay,164-769-2666x0260
61,MedPlus,Kachiguda,06594,Katherine Sanchez,448-091-5132x4188
62,PharmaCare,Uppal,71377,Jessica Johnson,503.255.5975
63,PharmaCare,Hitech City,89575,Kirk Wilson,001-188-000-9366x684
64,HealthPlus,Madhapur,66013,Ashley Vance,787.685.4756
65,HealthPlus,Banjara Hills,71622,Louis Matthews,(101)839-7979x1899
66,PharmaCare,Mehdipatnam,51035,Maria Erickson,140.708.0113x364
67,HealthPlus,Ameerpet,48286,Alan Medina,292-575-3603x93162
68,Apollo Pharmacy,LB Nagar,50560,Richard Miller,5235470017
69,HealthPlus,Kukatpally,53876,Sarah Mercado,(487)270-9205
70,MedPlus,Ameerpet,74857,Michael Higgins,(658)608-0045
71,HealthPlus,SR Nagar,86264,Pamela Martin,001-855-134-9916x1649
72,MedPlus,Banjara Hills,30476,Andrea Cunningham,588.331.2819
73,Apollo Pharmacy,Miyapur,34921,Danny Chapman,+1-758-502-6377
74,Apollo Pharmacy,Kukatpally,13601,Hector West,660.202.4282x433
75,Apollo Pharmacy,Madhapur,09730,Rachel Burton,990-871-2753x862
76,HealthPlus,Ameerpet,97855,Jennifer Rogers,462.543.0221x17302
77,HealthPlus,Kukatpally,90758,Penny Miller,1755910183
78,PharmaCare,Dilsukhnagar,56034,Mr. Malik Pacheco PhD,001-029-828-7536
79,Apollo Pharmacy,Jubilee Hills,93772,Christina Caldwell,830.624.8450x8232
80,HealthPlus,Kukatpally,05236,Gabriel Mitchell,(845)487-4233
81,Wellness Store,Dilsukhnagar,28814,John Greene,(618)732-7740x0343
82,Apollo Pharmacy,Banjara Hills,65637,Michael Green,+1-201-043-6771x177
83,Apollo Pharmacy,Miyapur,77694,Patricia Lara,405-681-8157x533
84,Apollo Pharmacy,Dilsukhnagar,13178,Mr. Tyler Hendricks,365-195-6509
85,Apollo Pharmacy,LB Nagar,67914,Nicole Wade,001-382-964-7103x264
86,Wellness Store,Himayatnagar,58333,George Fernandez,001-343-522-8270
87,HealthPlus,Kachiguda,86463,Daisy Coleman,884.503.6295x5548
88,MedPlus,Kachiguda,07083,Anne Brewer,+1-803-823-9448x773
89,HealthPlus,Jubilee Hills,80510,Jeremy Miller,204-584-1717
90,HealthPlus,Banjara Hills,11183,Melissa Cook,(556)250-9630x5692
91,MedPlus,Secunderabad,54363,Justin Garcia,+1-923-220-4049x64979
92,Apollo Pharmacy,Gachibowli,35971,Richard Knapp,634-668-1237x15496
93,Apollo Pharmacy,LB Nagar,54340,Nicole Lane,(125)350-0793
94,MedPlus,SR Nagar,66864,Darren Allen,+1-078-611-1804x60254
95,Wellness Store,Kukatpally,40312,Ryan Dixon,498-753-2481
96,HealthPlus,Mehdipatnam,25462,Emily Roman DDS,900-968-7373x986
97,Wellness Store,Jubilee Hills,17629,Michael Bass,(418)938-2588x2521
98,MedPlus,Jubilee Hills,85997,Rachael Webb,163-329-0610x042
99,Wellness Store,Secunderabad,81200,Katelyn Singleton,001-236-123-4557x932
100,PharmaCare,Gachibowli,38487,Jeremy Erickson,993-750-7021x40087
101,Wellness Store,Tolichowki,22582,Deborah Carpenter,001-727-541-1805x2546
102,PharmaCare,Secunderabad,50438,Heather Sanchez,697.621.3686
103,PharmaCare,Gachibowli,01028,Catherine Lewis,834.156.4117x62245
104,Wellness Store,Jubilee Hills,08421,Robin Bean,001-095-792-6348x8930
105,MedPlus,Jubilee Hills,38420,Randall Carson,001-069-627-8147
